Workbook

Sheet Summary
B2: NAIRA FLORE
B3: Live range, pre-order capsule and Type Audit · market-pull rating · 22 Sep 2026
B4: 147 Every Naira Flore piece scored on commercial market-pull in the Indian demi-fine band (GIVA, Palmonas, Shaya, Misho tier): 55 live SKUs, the 7-piece pre-order capsule and the 85-row Type Audit range. Pure sellability lens; brand fit, IP proximity and price-band concerns are flags, never a deduction. Each row also carries a photo score out of 10 in the Material column.
B6: RATING FRAMEWORK
B7: 9–10 | C7: Hero | D7: Must-stock. Top-trend motif, broad pull, gift + self-buy.
B8: 7–8 | C8: Strong | D8: Core range. Reliable seller, sound margins, on-trend.
B9: 5–6 | C9: Viable | D9: Secondary / filler. Pretty but mid demand or narrower buyer.
B10: 4 | C10: Weak | D10: Skip unless filling a gap. Young, niche, or fading.
B11: 1–3 | C11: Exclude | D11: Off-brand. Novelty, costume, hard-seasonal, or IP risk.
B13: TIER DISTRIBUTION | C13: Count | D13: % of 147
B14: Hero (9–10) | C14: =COUNTIF(Ratings!F:F,">=9") | D14: =C14/$C$19
B15: Strong (7–8) | C15: =COUNTIFS(Ratings!F:F,">=7",Ratings!F:F,"<9") | D15: =C15/$C$19
B16: Viable (5–6) | C16: =COUNTIFS(Ratings!F:F,">=5",Ratings!F:F,"<7") | D16: =C16/$C$19
B17: Weak (4) | C17: =COUNTIF(Ratings!F:F,4) | D17: =C17/$C$19
B18: Exclude (1–3) | C18: =COUNTIFS(Ratings!F:F,">=1",Ratings!F:F,"<4") | D18: =C18/$C$19
B19: Total | C19: =SUM(C14:C18) | D19: =C19/$C$19
B21: CATEGORY STRENGTH | C21: SKUs | D21: Avg | E21: Read
B22: Earrings | C22: =COUNTIF(Ratings!E:E,"Earrings") | D22: =IF(COUNTIF(Ratings!E:E,"Earrings")=0,"",ROUND(AVERAGEIF(Ratings!E:E,"Earrings",Ratings!F:F),1)) | E22: Hoops, huggies, halo and pearl studs, bows; the deepest pool in both ranges.
B23: Ring | C23: =COUNTIF(Ratings!E:E,"Ring") | D23: =IF(COUNTIF(Ratings!E:E,"Ring")=0,"",ROUND(AVERAGEIF(Ratings!E:E,"Ring",Ratings!F:F),1)) | E23: Halo solitaires, stack bands, bold domes; colourway twins split demand.
B24: Necklace | C24: =COUNTIF(Ratings!E:E,"Necklace") | D24: =IF(COUNTIF(Ratings!E:E,"Necklace")=0,"",ROUND(AVERAGEIF(Ratings!E:E,"Necklace",Ratings!F:F),1)) | E24: Paperclip, tennis, pearl station, clover; seven of fourteen live are out of stock.
B25: Bracelet | C25: =COUNTIF(Ratings!E:E,"Bracelet") | D25: =IF(COUNTIF(Ratings!E:E,"Bracelet")=0,"",ROUND(AVERAGEIF(Ratings!E:E,"Bracelet",Ratings!F:F),1)) | E25: Tennis, paperclip, baroque pearl; seven of twelve live are out of stock.
B26: Bangle | C26: =COUNTIF(Ratings!E:E,"Bangle") | D26: =IF(COUNTIF(Ratings!E:E,"Bangle")=0,"",ROUND(AVERAGEIF(Ratings!E:E,"Bangle",Ratings!F:F),1)) | E26: Only in the audit range; marquise tennis and watch-link bangles are the strongest.
B27: Set | C27: =COUNTIF(Ratings!E:E,"Set") | D27: =IF(COUNTIF(Ratings!E:E,"Set")=0,"",ROUND(AVERAGEIF(Ratings!E:E,"Set",Ratings!F:F),1)) | E27: One live set; gift sets convert on gifting even at lower velocity.
B29: WHAT GETS CUT (consistent exclusions)
B30: • Pastel purple and lilac colourways (nine audit rows) read young and narrow the buyer.
B31: • IP-adjacent references (Love screw band, Atlas numerals, Alhambra clover, cable cuff) sell, but carry exposure for a named atelier.
B32: • Ear cuffs are a slow format in India regardless of motif.
B33: • Silver colourway twins of gold designs consistently score one point lower; they split demand rather than add it.
B34: • Raw supplier white-ground images with annotations baked in (eight audit rows) must be reshot before listing.

Sheet Ratings
A1: # | B1: Model No. | C1: Product | D1: Material / Finish | E1: Category | F1: Rating | G1: Tier | H1: Commercial rationale | I1: Flag
A2: 1 | B2: LIVE-00 | C2: Dewdrop Bezel Necklace | D2: Live · Rs 999 · out of stock · photo 6/10 | E2: Necklace | F2: 7 | G2: =IF(F2>=9,"Hero",IF(F2>=7,"Strong",IF(F2>=5,"Viable",IF(F2=4,"Weak","Exclude")))) | H2: Bezel solitaire pendant on a fine chain is evergreen daily wear and a safe gift. Photo: Piece reads tiny against the cube; needs a closer crop.
A3: 2 | B3: LIVE-01 | C3: Pearl Legacy Necklace | D3: Live · Rs 1,799 · in stock · photo 8/10 | E3: Necklace | F3: 8 | G3: =IF(F3>=9,"Hero",IF(F3>=7,"Strong",IF(F3>=5,"Viable",IF(F3=4,"Weak","Exclude")))) | H3: Baroque pearl choker with a toggle is a live trend and pearl is a top-three motif in the band. Photo: Model shot carries it; scale and drape both read.
A4: 3 | B4: LIVE-02 | C4: Baroque Shell Bracelet | D4: Live · Rs 1,799 · in stock · photo 8/10 | E4: Bracelet | F4: 7 | G4: =IF(F4>=9,"Hero",IF(F4>=7,"Strong",IF(F4>=5,"Viable",IF(F4=4,"Weak","Exclude")))) | H4: Baroque pearl toggle bracelet; pearl pulls broadly, the toggle adds the 'considered' look. Photo: Clean plinth shot, texture of the pearls reads.
A5: 4 | B5: LIVE-03 | C5: Lumière Oval Necklace | D5: Live · Rs 1,499 · out of stock · photo 7/10 | E5: Necklace | F5: 8 | G5: =IF(F5>=9,"Hero",IF(F5>=7,"Strong",IF(F5>=5,"Viable",IF(F5=4,"Weak","Exclude")))) | H5: Tennis riviere necklace is a gifting and occasion staple with deep repeat demand. Photo: Model shot but the stones blur into a line; add a macro.
A6: 5 | B6: LIVE-04 | C6: Lumière Oval Bracelet | D6: Live · Rs 1,099 · out of stock · photo 8/10 | E6: Bracelet | F6: 8 | G6: =IF(F6>=9,"Hero",IF(F6>=7,"Strong",IF(F6>=5,"Viable",IF(F6=4,"Weak","Exclude")))) | H6: Oval-cut tennis bracelet; the single most reliable bracelet format in the band. Photo: Angle shows the cut well.
A7: 6 | B7: LIVE-05 | C7: Serpentine Whisper Chain — Silver | D7: Live · Rs 1,499 · in stock · photo 7/10 | E7: Necklace | F7: 7 | G7: =IF(F7>=9,"Hero",IF(F7>=7,"Strong",IF(F7>=5,"Viable",IF(F7=4,"Weak","Exclude")))) | H7: Snake chain with a princess solitaire; snake chain is a running trend, silver widens the buyer. Photo: Silver on cream loses contrast.
A8: 7 | B8: LIVE-06 | C8: Bold Nocturne Bracelet | D8: Live · Rs 1,599 · in stock · photo 8/10 | E8: Bracelet | F8: 8 | G8: =IF(F8>=9,"Hero",IF(F8>=7,"Strong",IF(F8>=5,"Viable",IF(F8=4,"Weak","Exclude")))) | H8: Chunky paperclip bracelet; chain and link pieces are 17 percent of Palmonas' own bestseller list. Photo: Wrist shot gives scale.
A9: 8 | B9: LIVE-07 | C9: Bold Nocturne Chain | D9: Live · Rs 1,799 · in stock · photo 8/10 | E9: Necklace | F9: 8 | G9: =IF(F9>=9,"Hero",IF(F9>=7,"Strong",IF(F9>=5,"Viable",IF(F9=4,"Weak","Exclude")))) | H9: Chunky paperclip chain; same bottomless daily-wear pool as the bracelet. Photo: Neck shot, reads well.
A10: 9 | B10: LIVE-08 | C10: Petite Pearl Chain | D10: Live · Rs 1,299 · out of stock · photo 7/10 | E10: Necklace | F10: 8 | G10: =IF(F10>=9,"Hero",IF(F10>=7,"Strong",IF(F10>=5,"Viable",IF(F10=4,"Weak","Exclude")))) | H10: Pearl station necklace; Palmonas launched one this week, the motif is live now. Photo: Dainty piece on a big cube; pearls small in frame.
A11: 10 | B11: LIVE-09 | C11: Marquise Layering Set | D11: Live · Rs 1,799 · out of stock · photo 7/10 | E11: Necklace | F11: 7 | G11: =IF(F11>=9,"Hero",IF(F11>=7,"Strong",IF(F11>=5,"Viable",IF(F11=4,"Weak","Exclude")))) | H11: Two-layer set with a marquise lariat; layered pieces are 8 percent of their bestsellers. Photo: Both layers visible, slightly busy.
A12: 11 | B12: LIVE-10 | C12: Clover Charm Necklace | D12: Live · Rs 1,299 · out of stock · photo 7/10 | E12: Necklace | F12: 9 | G12: =IF(F12>=9,"Hero",IF(F12>=7,"Strong",IF(F12>=5,"Viable",IF(F12=4,"Weak","Exclude")))) | H12: Four-leaf clover pendant is the single hottest demi-fine motif right now; entry price helps. Photo: Clover small at this crop; deserves a hero.
A13: 12 | B13: LIVE-11 | C13: Verdant Drop Earrings | D13: Live · Rs 1,459 · in stock · photo 6/10 | E13: Earrings | F13: 7 | G13: =IF(F13>=9,"Hero",IF(F13>=7,"Strong",IF(F13>=5,"Viable",IF(F13=4,"Weak","Exclude")))) | H13: Green cushion drops; emerald tone has strong festive India pull, silver setting narrows it slightly. Photo: Piece is a speck on the cube.
... A28: 27 | B28: LIVE-26 | C28: Rose Verdant Band | D28: Live · Rs 1,599 · in stock · photo 7/10 | E28: Ring | F28: 6 | G28: =IF(F28>=9,"Hero",IF(F28>=7,"Strong",IF(F28>=5,"Viable",IF(F28=4,"Weak","Exclude")))) | H28: Rose-gold multi-row with green stones; busy, and rose plus green is a harder colour story in this band. Photo: Fine.
A29: 28 | B29: LIVE-27 | C29: Blush Cluster Ring | D29: Live · Rs 1,499 · in stock · photo 7/10 | E29: Ring | F29: 5 | G29: =IF(F29>=9,"Hero",IF(F29>=7,"Strong",IF(F29>=5,"Viable",IF(F29=4,"Weak","Exclude")))) | H29: Pink cluster ring; pastel pink reads young and narrows the buyer. Photo: Model shot, ring is small. | I29: pastel
A30: 29 | B30: LIVE-28 | C30: Star Point Band | D30: Live · Rs 799 · in stock · photo 8/10 | E30: Ring | F30: 5 | G30: =IF(F30>=9,"Hero",IF(F30>=7,"Strong",IF(F30>=5,"Viable",IF(F30=4,"Weak","Exclude")))) | H30: Chunky bands with tiny star and heart motifs; edges toward novelty, weak repeat purchase. Photo: Green velvet shot is one of the best in the set. | I30: novelty
A31: 30 | B31: LIVE-29 | C31: Pearl Ribbon Ring | D31: Live · Rs 1,099 · in stock · photo 8/10 | E31: Ring | F31: 9 | G31: =IF(F31>=9,"Hero",IF(F31>=7,"Strong",IF(F31>=5,"Viable",IF(F31=4,"Weak","Exclude")))) | H31: Bow with a pearl and baguette loops; bow plus pearl is the trend of the year at an entry price. Photo: Sharp; bow reads.
A32: 31 | B32: LIVE-30 | C32: Chevron Whisper Ring | D32: Live · Rs 1,299 · in stock · photo 8/10 | E32: Ring | F32: 7 | G32: =IF(F32>=9,"Hero",IF(F32>=7,"Strong",IF(F32>=5,"Viable",IF(F32=4,"Weak","Exclude")))) | H32: Double chevron pave band; stack-ring staple. Photo: Sharp.
A33: 32 | B33: LIVE-31 | C33: Cushion Halo Ring | D33: Live · Rs 1,199 · out of stock · photo 6/10 | E33: Ring | F33: 8 | G33: =IF(F33>=9,"Hero",IF(F33>=7,"Strong",IF(F33>=5,"Viable",IF(F33=4,"Weak","Exclude")))) | H33: Cushion halo solitaire in silver; evergreen, entry price. Photo: Tiny in frame on a tall cube.
A34: 33 | B34: LIVE-32 | C34: Ribbon Bead Bracelet | D34: Live · Rs 799 · in stock · photo 7/10 | E34: Bracelet | F34: 6 | G34: =IF(F34>=9,"Hero",IF(F34>=7,"Strong",IF(F34>=5,"Viable",IF(F34=4,"Weak","Exclude")))) | H34: Delicate chain bracelet with two bezels; pretty filler at Rs 799. Photo: Fine.
A35: 34 | B35: LIVE-33 | C35: Heartbead Bracelet | D35: Live · Rs 1,299 · in stock · photo 8/10 | E35: Bracelet | F35: 7 | G35: =IF(F35>=9,"Hero",IF(F35>=7,"Strong",IF(F35>=5,"Viable",IF(F35=4,"Weak","Exclude")))) | H35: Bead bracelet with a heart charm and toggle; heart is Palmonas' number one motif at 16 percent of range. Photo: Burgundy roll, reads well.
A36: 35 | B36: LIVE-34 | C36: Prism Rivière Bracelet | D36: Live · Rs 2,399 · in stock · photo 9/10 | E36: Bracelet | F36: 6 | G36: =IF(F36>=9,"Hero",IF(F36>=7,"Strong",IF(F36>=5,"Viable",IF(F36=4,"Weak","Exclude")))) | H36: Pastel multicolour baguette-halo tennis; rainbow tennis is live, but multicolour pastel narrows the buyer and Rs 2,399 is the range ceiling. Photo: The wet-burgundy hero is the best photograph in the catalogue. | I36: pastel
A37: 36 | B37: LIVE-35 | C37: Blush Station Bracelet | D37: Live · Rs 1,900 · out of stock · photo 7/10 | E37: Bracelet | F37: 5 | G37: =IF(F37>=9,"Hero",IF(F37>=7,"Strong",IF(F37>=5,"Viable",IF(F37=4,"Weak","Exclude")))) | H37: Pink bezel station bracelet; pastel pink again, and Rs 1,900 for it. Photo: Fine. | I37: pastel
A38: 37 | B38: LIVE-36 | C38: Baroque Bloom Cuff | D38: Live · Rs 1,499 · out of stock · photo 8/10 | E38: Bracelet | F38: 7 | G38: =IF(F38>=9,"Hero",IF(F38>=7,"Strong",IF(F38>=5,"Viable",IF(F38=4,"Weak","Exclude")))) | H38: Open cuff with a baroque pearl and a CZ; pearl cuff reads expensive. Photo: Green velvet, strong.
A39: 38 | B39: LIVE-37 | C39: Pearl Point Studs | D39: Live · Rs 1,499 · in stock · photo 7/10 | E39: Earrings | F39: 8 | G39: =IF(F39>=9,"Hero",IF(F39>=7,"Strong",IF(F39>=5,"Viable",IF(F39=4,"Weak","Exclude")))) | H39: Pearl in a rope-twist huggie; pearl huggie is daily-wear core. Photo: Small; the twist detail is lost.
A40: 39 | B40: LIVE-38 | C40: Trio Oval Drop Earrings | D40: Live · Rs 1,499 · in stock · photo 6/10 | E40: Earrings | F40: 7 | G40: =IF(F40>=9,"Hero",IF(F40>=7,"Strong",IF(F40>=5,"Viable",IF(F40=4,"Weak","Exclude")))) | H40: Baguette oval-link drop in two-tone; deco link, grown-up. Photo: Cropped so tight it does not read as an earring.
A41: 40 | B41: LIVE-39 | C41: Brushed Gold Huggies | D41: Live · Rs 1,099 · in stock · photo 7/10 | E41: Earrings | F41: 8 | G41: =IF(F41>=9,"Hero",IF(F41>=7,"Strong",IF(F41>=5,"Viable",IF(F41=4,"Weak","Exclude")))) | H41: Brushed chunky dome huggies; the deepest, most stable daily-wear pool. Photo: Fine; brushed finish reads.
A42: 41 | B42: LIVE-40 | C42: Pearl Drop Studs | D42: Live · Rs 1,199 · in stock · photo 8/10 | E42: Earrings | F42: 7 | G42: =IF(F42>=9,"Hero",IF(F42>=7,"Strong",IF(F42>=5,"Viable",IF(F42=4,"Weak","Exclude")))) | H42: Pearl and gold-ball drop; classic, safe gift. Photo: Ear shot, good.
A43: 42 | B43: LIVE-41 | C43: Solitaire Whisper Studs | D43: Live · Rs 1,099 · in stock · photo 8/10 | E43: Earrings | F43: 8 | G43: =IF(F43>=9,"Hero",IF(F43>=7,"Strong",IF(F43>=5,"Viable",IF(F43=4,"Weak","Exclude")))) | H43: Cushion halo studs in silver; the default gift stud. Photo: Sharp.
A44: 43 | B44: LIVE-42 | C44: Filigree Bloom Studs | D44: Live · Rs 1,499 · in stock · photo 8/10 | E44: Earrings | F44: 7 | G44: =IF(F44>=9,"Hero",IF(F44>=7,"Strong",IF(F44>=5,"Viable",IF(F44=4,"Weak","Exclude")))) | H44: Wire flower with a pearl centre; floral plus pearl, distinctive without being loud. Photo: Sharp.
A45: 44 | B45: LIVE-43 | C45: Baguette Arc Hoops | D45: Live · Rs 1,899 · in stock · photo 7/10 | E45: Earrings | F45: 8 | G45: =IF(F45>=9,"Hero",IF(F45>=7,"Strong",IF(F45>=5,"Viable",IF(F45=4,"Weak","Exclude")))) | H45: Baguette C-hoops in silver; baguette hoop is a strong everyday format. Photo: Fine.
A46: 45 | B46: LIVE-44 | C46: Textured Gold Hoops | D46: Live · Rs 1,699 · in stock · photo 7/10 | E46: Earrings | F46: 6 | G46: =IF(F46>=9,"Hero",IF(F46>=7,"Strong",IF(F46>=5,"Viable",IF(F46=4,"Weak","Exclude")))) | H46: Pave floral-cluster hoops; busy, mid demand. Photo: Fine.
A47: 46 | B47: LIVE-45 | C47: Ribbon Bow Earrings | D47: Live · Rs 1,599 · in stock · photo 8/10 | E47: Earrings | F47: 9 | G47: =IF(F47>=9,"Hero",IF(F47>=7,"Strong",IF(F47>=5,"Viable",IF(F47=4,"Weak","Exclude")))) | H47: Baguette bow studs; bow is a top-running trend and this is the clean version of it. Photo: Sharp; bow reads.
A48: 47 | B48: LIVE-46 | C48: Woven Gold Hoops | D48: Live · Rs 1,499 · in stock · photo 9/10 | E48: Earrings | F48: 8 | G48: =IF(F48>=9,"Hero",IF(F48>=7,"Strong",IF(F48>=5,"Viable",IF(F48=4,"Weak","Exclude")))) | H48: Braided chunky huggies; twisted hoops are bottomless demand. Photo: Wet-burgundy hero, excellent.
A49: 48 | B49: LIVE-47 | C49: Clover Trio Edit | D49: Live · Rs 1,999 · in stock · photo 6/10 | E49: Earrings | F49: 8 | G49: =IF(F49>=9,"Hero",IF(F49>=7,"Strong",IF(F49>=5,"Viable",IF(F49=4,"Weak","Exclude")))) | H49: Three-pair clover edit at Rs 1,999; the hottest motif, bundled. Photo: Three pairs fight for the frame; shoot the clover studs alone as the hero.
... A56: 55 | B56: LIVE-54 | C56: Rivière Eternal Necklace | D56: Live · Rs 1,799 · out of stock · photo 7/10 | E56: Necklace | F56: 8 | G56: =IF(F56>=9,"Hero",IF(F56>=7,"Strong",IF(F56>=5,"Viable",IF(F56=4,"Weak","Exclude")))) | H56: Gold tennis necklace; occasion staple. Photo: Stones blur; needs a macro.
A57: 56 | B57: CAP-zircone-solitaire | C57: The Zircone Solitaire | D57: Pre-order capsule · Rs 4,500 internal · 18k plated · photo 9/10 | E57: Ring | F57: 5 | G57: =IF(F57>=9,"Hero",IF(F57>=7,"Strong",IF(F57>=5,"Viable",IF(F57=4,"Weak","Exclude")))) | H57: A round solitaire is a nine motif, but Rs 4,500 plated sits above every demi-fine p95 and Rs 800 under Palmonas' cheapest 9kt gold lab-diamond piece; the shopper compares it to real gold. Photo: Beautiful render; reads as fine jewellery, but no skin or scale reference anywhere. | I57: price band
A58: 57 | B58: CAP-zircone-halo-studs | C58: Zircone Halo Studs | D58: Pre-order capsule · Rs 3,600 internal · 18k plated · photo 9/10 | E58: Earrings | F58: 6 | G58: =IF(F58>=9,"Hero",IF(F58>=7,"Strong",IF(F58>=5,"Viable",IF(F58=4,"Weak","Exclude")))) | H58: Halo studs are the default gift stud; Rs 3,600 is above their earring p75 of Rs 2,785 but still clearly under gold. Photo: Crisp; halo reads. | I58: price band
A59: 58 | B59: CAP-marigold-signet-ring | C59: Marigold Signet Ring | D59: Pre-order capsule · Rs 3,900 internal · 18k plated · photo 9/10 | E59: Ring | F59: 6 | G59: =IF(F59>=9,"Hero",IF(F59>=7,"Strong",IF(F59>=5,"Viable",IF(F59=4,"Weak","Exclude")))) | H59: A textured marigold with a blush stone is the most brand-defining piece in the capsule; floral sells out 49 percent at Palmonas, but Rs 3,900 is nearly double their floral median. Photo: Texture is superb; a hand shot would fix the scale question. | I59: price band
A60: 59 | B60: CAP-sage-vine-band | C60: Sage Vine Band | D60: Pre-order capsule · Rs 3,200 internal · 18k plated · photo 9/10 | E60: Ring | F60: 7 | G60: =IF(F60>=9,"Hero",IF(F60>=7,"Strong",IF(F60>=5,"Viable",IF(F60=4,"Weak","Exclude")))) | H60: Leaf and vine pieces have the highest sell-through of any motif at Palmonas at 60 percent, on only 44 SKUs; demand exceeds supply and this is the capsule's entry ring. Photo: Delicate; reads well.
A61: 60 | B61: CAP-pressed-petal-drops | C61: Pressed Petal Drops | D61: Pre-order capsule · Rs 4,800 internal · 18k plated · photo 9/10 | E61: Earrings | F61: 6 | G61: =IF(F61>=9,"Hero",IF(F61>=7,"Strong",IF(F61>=5,"Viable",IF(F61=4,"Weak","Exclude")))) | H61: Real pressed flowers in resin is a format Palmonas does not carry at all; distinctive and giftable, but Rs 4,800 and resin-durability questions narrow the buyer. Photo: Petal detail is the story; the render tells it. | I61: price band; durability perception
A62: 61 | B62: CAP-bloom-studs | C62: Bloom Studs | D62: Pre-order capsule · Rs 2,900 internal · 18k plated · photo 9/10 | E62: Earrings | F62: 7 | G62: =IF(F62>=9,"Hero",IF(F62>=7,"Strong",IF(F62>=5,"Viable",IF(F62=4,"Weak","Exclude")))) | H62: Daisy studs with a sage cabochon; a daisy necklace sits in Palmonas' bestseller list, and at Rs 2,900 this is the capsule's most accessible piece. Photo: Clean.
A63: 62 | B63: CAP-chandbali-florale | C63: Chandbali Florale | D63: Pre-order capsule · Rs 5,600 internal · 18k plated · photo 9/10 | E63: Earrings | F63: 7 | G63: =IF(F63>=9,"Hero",IF(F63>=7,"Strong",IF(F63>=5,"Viable",IF(F63=4,"Weak","Exclude")))) | H63: Palmonas has one chandbali in demi-fine and it is sold out; their ethnic pieces sell out 60 percent at a Rs 3,709 median. An underserved pocket, and this owns it, if Rs 5,600 holds. Photo: Filigree reads; would sing on a model. | I63: price band
A64: 63 | B64: AUD-R01 YF7016-GLD | C64: Tandem Chain Rings | D64: Type Audit · Rs 1,649 · New factory · photo 8/10 | E64: Ring | F64: 6 | G64: =IF(F64>=9,"Hero",IF(F64>=7,"Strong",IF(F64>=5,"Viable",IF(F64=4,"Weak","Exclude")))) | H64: Two screw-motif rings on a box chain; the chain-ring format is live, but the screw band reads as a Cartier Love reference. Photo: Plinth; reads. | I64: IP-adjacent (Love screw)
A65: 64 | B65: AUD-R02 YF7016-SLV | C65: Tandem Chain Rings — Silver | D65: Type Audit · Rs 1,649 · New factory · photo 8/10 | E65: Ring | F65: 5 | G65: =IF(F65>=9,"Hero",IF(F65>=7,"Strong",IF(F65>=5,"Viable",IF(F65=4,"Weak","Exclude")))) | H65: Silver twin; same reference, slower metal. Photo: Plinth; reads. | I65: IP-adjacent (Love screw)
A66: 65 | B66: AUD-R03 YF3165-NEC | C66: Baguette Rivière Choker | D66: Type Audit · Rs 2,749 · New factory · photo 8/10 | E66: Necklace | F66: 8 | G66: =IF(F66>=9,"Hero",IF(F66>=7,"Strong",IF(F66>=5,"Viable",IF(F66=4,"Weak","Exclude")))) | H66: Baguette tennis choker; deco, occasion-ready, photographs beautifully. Photo: Plinth; stones crisp.
A67: 66 | B67: AUD-R04 YF3165-NEC-LIL | C67: Baguette Rivière Choker — Lilac | D67: Type Audit · Rs 2,749 · New factory · photo 7/10 | E67: Necklace | F67: 5 | G67: =IF(F67>=9,"Hero",IF(F67>=7,"Strong",IF(F67>=5,"Viable",IF(F67=4,"Weak","Exclude")))) | H67: Lilac colourway; purple stones read young and narrow the buyer. Photo: Plinth. | I67: pastel / purple
A68: 67 | B68: AUD-R05 YF3165-NEC-RBY | C68: Baguette Rivière Choker — Ruby | D68: Type Audit · Rs 2,749 · New factory · photo 8/10 | E68: Necklace | F68: 7 | G68: =IF(F68>=9,"Hero",IF(F68>=7,"Strong",IF(F68>=5,"Viable",IF(F68=4,"Weak","Exclude")))) | H68: Ruby colourway; red reads festive and bridal-adjacent, strong India pull. Photo: Model shot, the best of the row.
A69: 68 | B69: AUD-R06 YF3165-NEC-VRD | C69: Baguette Rivière Choker — Verdant | D69: Type Audit · Rs 2,749 · New factory · photo 8/10 | E69: Necklace | F69: 8 | G69: =IF(F69>=9,"Hero",IF(F69>=7,"Strong",IF(F69>=5,"Viable",IF(F69=4,"Weak","Exclude")))) | H69: Emerald colourway; green sells out 56 percent at Palmonas, above their average. Photo: Plinth; colour reads.
A70: 69 | B70: AUD-R07 YF3165-BRA | C70: Baguette Rivière Bracelet | D70: Type Audit · Rs 1,899 · New factory · photo 8/10 | E70: Bracelet | F70: 8 | G70: =IF(F70>=9,"Hero",IF(F70>=7,"Strong",IF(F70>=5,"Viable",IF(F70=4,"Weak","Exclude")))) | H70: Baguette tennis bracelet; the bracelet staple in its grown-up cut. Photo: Plinth.
A71: 70 | B71: AUD-R08 YF3165-BRA-LIL | C71: Baguette Rivière Bracelet — Lilac | D71: Type Audit · Rs 1,899 · New factory · photo 7/10 | E71: Bracelet | F71: 5 | G71: =IF(F71>=9,"Hero",IF(F71>=7,"Strong",IF(F71>=5,"Viable",IF(F71=4,"Weak","Exclude")))) | H71: Lilac bracelet; same purple caution. Photo: Model shot. | I71: pastel / purple
A72: 71 | B72: AUD-R09 YF3165-BRA-RBY | C72: Baguette Rivière Bracelet — Ruby | D72: Type Audit · Rs 1,899 · New factory · photo 8/10 | E72: Bracelet | F72: 7 | G72: =IF(F72>=9,"Hero",IF(F72>=7,"Strong",IF(F72>=5,"Viable",IF(F72=4,"Weak","Exclude")))) | H72: Ruby bracelet; festive pull. Photo: Plinth.
A73: 72 | B73: AUD-R10 YF3165-BRA-VRD | C73: Baguette Rivière Bracelet — Verdant | D73: Type Audit · Rs 1,899 · New factory · photo 8/10 | E73: Bracelet | F73: 8 | G73: =IF(F73>=9,"Hero",IF(F73>=7,"Strong",IF(F73>=5,"Viable",IF(F73=4,"Weak","Exclude")))) | H73: Emerald bracelet; the strongest colourway of the four. Photo: Model shot.
A74: 73 | B74: AUD-R11 YF2604-ETY | C74: Baguette Eternity Band | D74: Type Audit · Rs 2,599 · New factory · photo 8/10 | E74: Ring | F74: 7 | G74: =IF(F74>=9,"Hero",IF(F74>=7,"Strong",IF(F74>=5,"Viable",IF(F74=4,"Weak","Exclude")))) | H74: Full baguette eternity band; sound, but Rs 2,599 is the top of the ring range. Photo: Plinth.
A75: 74 | B75: AUD-R12 YF2604-PAP | C75: Papillon Baguette Ring | D75: Type Audit · Rs 2,599 · New factory · photo 8/10 | E75: Ring | F75: 5 | G75: =IF(F75>=9,"Hero",IF(F75>=7,"Strong",IF(F75>=5,"Viable",IF(F75=4,"Weak","Exclude")))) | H75: Baguette butterfly ring; a grown-up cut of a motif that still reads young. Photo: Plinth. | I75: young motif
A76: 75 | B76: AUD-R13 YF2604-LNK | C76: Pavé Link Ring | D76: Type Audit · Rs 2,599 · New factory · photo 8/10 | E76: Ring | F76: 7 | G76: =IF(F76>=9,"Hero",IF(F76>=7,"Strong",IF(F76>=5,"Viable",IF(F76=4,"Weak","Exclude")))) | H76: Pave paperclip-link ring; paperclip is a top format, price is high for a ring. Photo: Plinth.
A77: 76 | B77: AUD-R14 YF7017-GLD | C77: Trio Pavé Ring | D77: Type Audit · Rs 1,999 · New factory · photo 8/10 | E77: Ring | F77: 6 | G77: =IF(F77>=9,"Hero",IF(F77>=7,"Strong",IF(F77>=5,"Viable",IF(F77=4,"Weak","Exclude")))) | H77: Three-band pave ring with bars; handsome, mid demand. Photo: Plinth.
A78: 77 | B78: AUD-R15 NF-SWAG-GLD | C78: Dewdrop Swag Ring | D78: Type Audit · Rs 1,899 · New factory · photo 7/10 | E78: Ring | F78: 5 | G78: =IF(F78>=9,"Hero",IF(F78>=7,"Strong",IF(F78>=5,"Viable",IF(F78=4,"Weak","Exclude")))) | H78: Band with a hanging chain and drop; gimmick-led, weak repeat purchase. Photo: Plinth. | I78: novelty format
A79: 78 | B79: AUD-R16 NF-SWAG-SLV | C79: Dewdrop Swag Ring — Silver | D79: Type Audit · Rs 1,899 · New factory · photo 7/10 | E79: Ring | F79: 4 | G79: =IF(F79>=9,"Hero",IF(F79>=7,"Strong",IF(F79>=5,"Viable",IF(F79=4,"Weak","Exclude")))) | H79: Silver swag ring; slower still. Photo: Plinth. | I79: novelty format
A80: 79 | B80: AUD-R17 YF2645-GLD | C80: Deco Link Ring | D80: Type Audit · Rs 1,399 · New factory · photo 8/10 | E80: Ring | F80: 6 | G80: =IF(F80>=9,"Hero",IF(F80>=7,"Strong",IF(F80>=5,"Viable",IF(F80=4,"Weak","Exclude")))) | H80: Watch-link band ring; the jubilee-strap look is live in bold rings. Photo: Plinth.
A81: 80 | B81: AUD-R18 YF2645-SLV | C81: Deco Link Ring — Silver | D81: Type Audit · Rs 1,399 · New factory · photo 8/10 | E81: Ring | F81: 5 | G81: =IF(F81>=9,"Hero",IF(F81>=7,"Strong",IF(F81>=5,"Viable",IF(F81=4,"Weak","Exclude")))) | H81: Silver watch-link ring. Photo: Plinth.
A82: 81 | B82: AUD-R19 YF3652-CLR | C82: Dewdrop Ear Cuff | D82: Type Audit · Rs 1,399 · New factory · photo 7/10 | E82: Earrings | F82: 4 | G82: =IF(F82>=9,"Hero",IF(F82>=7,"Strong",IF(F82>=5,"Viable",IF(F82=4,"Weak","Exclude")))) | H82: Ear cuff with a pear CZ; ear cuffs are a slow format in India regardless of motif. Photo: Plinth. | I82: format (ear cuff)
A83: 82 | B83: AUD-R20 YF3652-VRD | C83: Verdant Ear Cuff | D83: Type Audit · Rs 1,399 · New factory · photo 7/10 | E83: Earrings | F83: 4 | G83: =IF(F83>=9,"Hero",IF(F83>=7,"Strong",IF(F83>=5,"Viable",IF(F83=4,"Weak","Exclude")))) | H83: Green ear cuff; same format friction. Photo: Plinth. | I83: format (ear cuff)
A84: 83 | B84: AUD-R21 YF8508-CLR | C84: Trillion Eternity Band | D84: Type Audit · Rs 2,199 · New factory · photo 8/10 | E84: Ring | F84: 7 | G84: =IF(F84>=9,"Hero",IF(F84>=7,"Strong",IF(F84>=5,"Viable",IF(F84=4,"Weak","Exclude")))) | H84: Trillion CZ eternity band; solid stack and gift ring. Photo: Plinth.
A85: 84 | B85: AUD-R22 YF8508-LIL | C85: Trillion Eternity Band — Lilac | D85: Type Audit · Rs 2,199 · New factory · photo 8/10 | E85: Ring | F85: 5 | G85: =IF(F85>=9,"Hero",IF(F85>=7,"Strong",IF(F85>=5,"Viable",IF(F85=4,"Weak","Exclude")))) | H85: Lilac trillion band; purple caution. Photo: Plinth. | I85: pastel / purple
A86: 85 | B86: AUD-R23 YF8508-PRS | C86: Trillion Eternity Band — Prism | D86: Type Audit · Rs 2,199 · New factory · photo 4/10 | E86: Ring | F86: 5 | G86: =IF(F86>=9,"Hero",IF(F86>=7,"Strong",IF(F86>=5,"Viable",IF(F86=4,"Weak","Exclude")))) | H86: Lilac marquise eternity band; purple stones read young and narrow the buyer, though the eternity format itself is sound. Photo: Raw supplier white-ground shot, not yet on the plinth. | I86: pastel / purple
A87: 86 | B87: AUD-R24 YF8508-SLV | C87: Trillion Eternity Band — Silver | D87: Type Audit · Rs 2,199 · New factory · photo 7/10 | E87: Ring | F87: 7 | G87: =IF(F87>=9,"Hero",IF(F87>=7,"Strong",IF(F87>=5,"Viable",IF(F87=4,"Weak","Exclude")))) | H87: Marquise CZ eternity band in silver; a solid stacking and gifting format. Photo: On plinth, reads.
A88: 87 | B88: AUD-R25 YF8508-SLV-PRS | C88: Trillion Eternity Band — Prism Silver | D88: Type Audit · Rs 2,199 · New factory · photo 4/10 | E88: Ring | F88: 5 | G88: =IF(F88>=9,"Hero",IF(F88>=7,"Strong",IF(F88>=5,"Viable",IF(F88=4,"Weak","Exclude")))) | H88: Prism-silver colourway of the same band; same purple caution. Photo: Reuses row 23's raw image; unshot. | I88: pastel / purple
A89: 88 | B89: AUD-R26 YF3508-GLD | C89: Marquise Rivière Bangle | D89: Type Audit · Rs 2,299 · New factory · photo 7/10 | E89: Bangle | F89: 7 | G89: =IF(F89>=9,"Hero",IF(F89>=7,"Strong",IF(F89>=5,"Viable",IF(F89=4,"Weak","Exclude")))) | H89: Full marquise CZ tennis bangle; occasion staple, and bangles are under-served in our live range. Photo: Plinth, fine.
A90: 89 | B90: AUD-R27 YF3508-SLV | C90: Marquise Rivière Bangle — Silver | D90: Type Audit · Rs 2,299 · New factory · photo 7/10 | E90: Bangle | F90: 6 | G90: =IF(F90>=9,"Hero",IF(F90>=7,"Strong",IF(F90>=5,"Viable",IF(F90=4,"Weak","Exclude")))) | H90: Silver twin of the marquise bangle; splits demand. Photo: Plinth, fine.
A91: 90 | B91: AUD-R28 YF7059-GLD | C91: Lumière Drop Collar | D91: Type Audit · Rs 1,899 · New factory · photo 7/10 | E91: Necklace | F91: 7 | G91: =IF(F91>=9,"Hero",IF(F91>=7,"Strong",IF(F91>=5,"Viable",IF(F91=4,"Weak","Exclude")))) | H91: Thin collar with a single CZ drop; minimal torque collars are a running trend. Photo: Plinth; drop is small.
A92: 91 | B92: AUD-R29 YF3558-GLD | C92: Woven Mesh Band | D92: Type Audit · Rs 1,199 · New factory · photo 7/10 | E92: Ring | F92: 6 | G92: =IF(F92>=9,"Hero",IF(F92>=7,"Strong",IF(F92>=5,"Viable",IF(F92=4,"Weak","Exclude")))) | H92: Wide woven mesh band; bold band with a narrower daily-wear buyer. Photo: Mesh texture reads.
A93: 92 | B93: AUD-R30 YF3558-SLV | C93: Woven Mesh Band — Silver | D93: Type Audit · Rs 1,199 · New factory · photo 7/10 | E93: Ring | F93: 5 | G93: =IF(F93>=9,"Hero",IF(F93>=7,"Strong",IF(F93>=5,"Viable",IF(F93=4,"Weak","Exclude")))) | H93: Silver mesh band; silver bold bands move slower in this band. Photo: Fine.
A94: 93 | B94: AUD-R31 YF8079-NEC | C94: Duo Link Chain | D94: Type Audit · Rs 1,899 · New factory · photo 7/10 | E94: Necklace | F94: 8 | G94: =IF(F94>=9,"Hero",IF(F94>=7,"Strong",IF(F94>=5,"Viable",IF(F94=4,"Weak","Exclude")))) | H94: Two-tone paperclip chain; paperclip is a top format and two-tone widens the wardrobe fit. Photo: Fine.
A95: 94 | B95: AUD-R32 YF8079-BRA | C95: Duo Link Bracelet | D95: Type Audit · Rs 1,599 · New factory · photo 7/10 | E95: Bracelet | F95: 8 | G95: =IF(F95>=9,"Hero",IF(F95>=7,"Strong",IF(F95>=5,"Viable",IF(F95=4,"Weak","Exclude")))) | H95: Two-tone paperclip bracelet; same pool as the chain. Photo: Fine.
A96: 95 | B96: AUD-R33 YF7116-GLD | C96: Petite Rivière Bracelet | D96: Type Audit · Rs 1,499 · New factory · photo 7/10 | E96: Bracelet | F96: 8 | G96: =IF(F96>=9,"Hero",IF(F96>=7,"Strong",IF(F96>=5,"Viable",IF(F96=4,"Weak","Exclude")))) | H96: Thin tennis bracelet at Rs 1,499; the single most reliable bracelet format, priced right. Photo: Fine.
A97: 96 | B97: AUD-R34 YF7116-PRS | C97: Petite Rivière Bracelet — Prism | D97: Type Audit · Rs 1,599 · New factory · photo 3/10 | E97: Bracelet | F97: 6 | G97: =IF(F97>=9,"Hero",IF(F97>=7,"Strong",IF(F97>=5,"Viable",IF(F97=4,"Weak","Exclude")))) | H97: Rainbow thin tennis bracelet; rainbow tennis is live but multicolour pastel narrows the buyer. Photo: Raw supplier shot with a 3mm annotation baked in; must be reshot. | I97: pastel / multicolour
A98: 97 | B98: AUD-R35 YF7116-SLV | C98: Petite Rivière Bracelet — Silver | D98: Type Audit · Rs 1,499 · New factory · photo 7/10 | E98: Bracelet | F98: 7 | G98: =IF(F98>=9,"Hero",IF(F98>=7,"Strong",IF(F98>=5,"Viable",IF(F98=4,"Weak","Exclude")))) | H98: Silver thin tennis bracelet; staple format. Photo: Plinth.
A99: 98 | B99: AUD-R36 YF3608-GLD | C99: Torsade Coil Band | D99: Type Audit · Rs 1,499 · New factory · photo 8/10 | E99: Ring | F99: 6 | G99: =IF(F99>=9,"Hero",IF(F99>=7,"Strong",IF(F99>=5,"Viable",IF(F99=4,"Weak","Exclude")))) | H99: Wide ribbed flexible coil band; bold-ring buyer, narrower. Photo: Plinth; ribbing reads.
A100: 99 | B100: AUD-R37 YF3608-SLV | C100: Torsade Coil Band — Silver | D100: Type Audit · Rs 1,499 · New factory · photo 8/10 | E100: Ring | F100: 5 | G100: =IF(F100>=9,"Hero",IF(F100>=7,"Strong",IF(F100>=5,"Viable",IF(F100=4,"Weak","Exclude")))) | H100: Silver coil band. Photo: Plinth.
A101: 100 | B101: AUD-R38 YF5236-GLD | C101: Station Bar Cuff | D101: Type Audit · Rs 1,999 · New factory · photo 8/10 | E101: Bangle | F101: 6 | G101: =IF(F101>=9,"Hero",IF(F101>=7,"Strong",IF(F101>=5,"Viable",IF(F101=4,"Weak","Exclude")))) | H101: Bangle with a bar station; clean, reads like an ID bangle, mid demand. Photo: Plinth.
A102: 101 | B102: AUD-R39 YF5236-SLV | C102: Station Bar Cuff — Silver | D102: Type Audit · Rs 1,999 · New factory · photo 8/10 | E102: Bangle | F102: 5 | G102: =IF(F102>=9,"Hero",IF(F102>=7,"Strong",IF(F102>=5,"Viable",IF(F102=4,"Weak","Exclude")))) | H102: Silver bar bangle. Photo: Plinth.
A103: 102 | B103: AUD-R40 NF-DECO-BRA-GLD | C103: Deco Link Bracelet | D103: Type Audit · Rs 1,999 · New factory · photo 8/10 | E103: Bracelet | F103: 7 | G103: =IF(F103>=9,"Hero",IF(F103>=7,"Strong",IF(F103>=5,"Viable",IF(F103=4,"Weak","Exclude")))) | H103: Watch-strap link bracelet; the jubilee bracelet is a live trend and bracelets are thin in our live range. Photo: Plinth.
A104: 103 | B104: AUD-R41 NF-DECO-BRA-SLV | C104: Deco Link Bracelet — Silver | D104: Type Audit · Rs 1,999 · New factory · photo 8/10 | E104: Bracelet | F104: 6 | G104: =IF(F104>=9,"Hero",IF(F104>=7,"Strong",IF(F104>=5,"Viable",IF(F104=4,"Weak","Exclude")))) | H104: Silver watch-strap bracelet. Photo: Plinth.
A105: 104 | B105: AUD-R42 NF-DECO-BRA-TWO | C105: Deco Link Bracelet — Two-tone | D105: Type Audit · Rs 2,099 · New factory · photo 4/10 | E105: Bracelet | F105: 6 | G105: =IF(F105>=9,"Hero",IF(F105>=7,"Strong",IF(F105>=5,"Viable",IF(F105=4,"Weak","Exclude")))) | H105: Two-tone watch-strap bracelet; two-tone widens wardrobe fit. Photo: Raw supplier white-ground shot; reshoot.
A106: 105 | B106: AUD-R43 YF3482-GLD | C106: Woven Mesh Cuff | D106: Type Audit · Rs 1,899 · New factory · photo 8/10 | E106: Bangle | F106: 6 | G106: =IF(F106>=9,"Hero",IF(F106>=7,"Strong",IF(F106>=5,"Viable",IF(F106=4,"Weak","Exclude")))) | H106: Wide mesh cuff; statement buyer. Photo: Plinth.
A107: 106 | B107: AUD-R44 YF3482-SLV | C107: Woven Mesh Cuff — Silver | D107: Type Audit · Rs 1,899 · New factory · photo 8/10 | E107: Bangle | F107: 5 | G107: =IF(F107>=9,"Hero",IF(F107>=7,"Strong",IF(F107>=5,"Viable",IF(F107=4,"Weak","Exclude")))) | H107: Silver mesh cuff. Photo: Plinth.
A108: 107 | B108: AUD-R45 YF2896-CLR | C108: Princess Solitaire Studs | D108: Type Audit · Rs 1,499 · New factory · photo 6/10 | E108: Earrings | F108: 8 | G108: =IF(F108>=9,"Hero",IF(F108>=7,"Strong",IF(F108>=5,"Viable",IF(F108=4,"Weak","Exclude")))) | H108: Princess-cut solitaire studs; the default gift stud in a sharper cut. Photo: Small in frame on a tall cube.
A109: 108 | B109: AUD-R46 YF2896-BLS | C109: Princess Solitaire Studs — Blush | D109: Type Audit · Rs 1,499 · New factory · photo 6/10 | E109: Earrings | F109: 5 | G109: =IF(F109>=9,"Hero",IF(F109>=7,"Strong",IF(F109>=5,"Viable",IF(F109=4,"Weak","Exclude")))) | H109: Blush-pink princess studs; pastel pink narrows the buyer. Photo: Small in frame. | I109: pastel
A110: 109 | B110: AUD-R47 YF2896-VRD | C110: Princess Solitaire Studs — Verdant | D110: Type Audit · Rs 1,499 · New factory · photo 6/10 | E110: Earrings | F110: 7 | G110: =IF(F110>=9,"Hero",IF(F110>=7,"Strong",IF(F110>=5,"Viable",IF(F110=4,"Weak","Exclude")))) | H110: Green princess studs; emerald tone carries festive pull. Photo: Small in frame.
A111: 110 | B111: AUD-R48 YF9009-GLD | C111: Milgrain Station Bracelet | D111: Type Audit · Rs 2,349 · New factory · photo 7/10 | E111: Bracelet | F111: 6 | G111: =IF(F111>=9,"Hero",IF(F111>=7,"Strong",IF(F111>=5,"Viable",IF(F111=4,"Weak","Exclude")))) | H111: Chunky link with bezel stations; handsome, but Rs 2,349 is the top of the bracelet range for a mid-demand design. Photo: Fine.
A112: 111 | B112: AUD-R49 YF9009-SLV | C112: Milgrain Station Bracelet — Silver | D112: Type Audit · Rs 2,349 · New factory · photo 7/10 | E112: Bracelet | F112: 5 | G112: =IF(F112>=9,"Hero",IF(F112>=7,"Strong",IF(F112>=5,"Viable",IF(F112=4,"Weak","Exclude")))) | H112: Silver twin of the station bracelet. Photo: Fine.
A113: 112 | B113: AUD-R50 YF4152-GLD | C113: Ribbon Crossover Bangle | D113: Type Audit · Rs 1,699 · New factory · photo 3/10 | E113: Bangle | F113: 6 | G113: =IF(F113>=9,"Hero",IF(F113>=7,"Strong",IF(F113>=5,"Viable",IF(F113=4,"Weak","Exclude")))) | H113: Two-tone crossover bangle; clean daily wear at a fair price. Photo: Raw supplier listing image with caption text baked in; must be reshot.
A114: 113 | B114: AUD-R51 YF4152-SLV | C114: Ribbon Crossover Bangle — Silver | D114: Type Audit · Rs 1,699 · New factory · photo 3/10 | E114: Bangle | F114: 5 | G114: =IF(F114>=9,"Hero",IF(F114>=7,"Strong",IF(F114>=5,"Viable",IF(F114=4,"Weak","Exclude")))) | H114: Silver colourway, same bangle. Photo: Reuses row 50's raw image with caption text.
A115: 114 | B115: AUD-R52 YF3791-CUF-GLD | C115: Teardrop Terminal Cuff | D115: Type Audit · Rs 2,399 · New factory · photo 7/10 | E115: Bangle | F115: 5 | G115: =IF(F115>=9,"Hero",IF(F115>=7,"Strong",IF(F115>=5,"Viable",IF(F115=4,"Weak","Exclude")))) | H115: Open cuff with teardrop terminals; simple design, and Rs 2,399 is a lot for it. Photo: Fine.
A116: 115 | B116: AUD-R53 YF3791-CUF-SLV | C116: Teardrop Terminal Cuff — Silver | D116: Type Audit · Rs 2,399 · New factory · photo 7/10 | E116: Bangle | F116: 4 | G116: =IF(F116>=9,"Hero",IF(F116>=7,"Strong",IF(F116>=5,"Viable",IF(F116=4,"Weak","Exclude")))) | H116: Silver teardrop cuff; slow. Photo: Fine.
A117: 116 | B117: AUD-R54 YF3791-RNG-GLD | C117: Teardrop Terminal Ring | D117: Type Audit · Rs 1,599 · New factory · photo 7/10 | E117: Ring | F117: 5 | G117: =IF(F117>=9,"Hero",IF(F117>=7,"Strong",IF(F117>=5,"Viable",IF(F117=4,"Weak","Exclude")))) | H117: Open ring with teardrop terminals; plain, mid demand. Photo: Fine.
A118: 117 | B118: AUD-R55 YF3791-RNG-SLV | C118: Teardrop Terminal Ring — Silver | D118: Type Audit · Rs 1,599 · New factory · photo 7/10 | E118: Ring | F118: 4 | G118: =IF(F118>=9,"Hero",IF(F118>=7,"Strong",IF(F118>=5,"Viable",IF(F118=4,"Weak","Exclude")))) | H118: Silver teardrop ring; slow. Photo: Fine.
A119: 118 | B119: AUD-R56 YF2931-OPN | C119: Roman Openwork Band | D119: Type Audit · Rs 2,399 · New factory · photo 8/10 | E119: Ring | F119: 5 | G119: =IF(F119>=9,"Hero",IF(F119>=7,"Strong",IF(F119>=5,"Viable",IF(F119=4,"Weak","Exclude")))) | H119: Roman-numeral cut-out band; sells, but reads as a Tiffany Atlas reference. Photo: Plinth. | I119: IP-adjacent (Atlas)
A120: 119 | B120: AUD-R57 YF2931-PAV | C120: Pavé Channel Band | D120: Type Audit · Rs 2,399 · New factory · photo 8/10 | E120: Ring | F120: 6 | G120: =IF(F120>=9,"Hero",IF(F120>=7,"Strong",IF(F120>=5,"Viable",IF(F120=4,"Weak","Exclude")))) | H120: Wide band with a pave channel; clean, mid demand at Rs 2,399. Photo: Plinth.
...

Sheet Buy Shortlist
A1: RECOMMENDED SHORTLIST
A2: The launch buy-list: every Hero/Strong SKU (7+) grouped by what it does for the range. Pull a balanced 12–15 across daily-wear staples / trend studs / festive occasion.
A4: DAILY-WEAR STAPLES · hoops, huggies, chains, paperclip
A5: Model | B5: Product | C5: Material | D5: Rt | E5: Why it earns a slot
A6: LIVE-00 | B6: Dewdrop Bezel Necklace | C6: Live · Rs 999 · out of stock · photo 6/10 | D6: 7 | E6: Bezel solitaire pendant on a fine chain is evergreen daily wear and a safe gift. Photo: Piece reads tiny against the cube; needs a closer crop.
A7: LIVE-05 | B7: Serpentine Whisper Chain — Silver | C7: Live · Rs 1,499 · in stock · photo 7/10 | D7: 7 | E7: Snake chain with a princess solitaire; snake chain is a running trend, silver widens the buyer. Photo: Silver on cream loses contrast.
A8: LIVE-06 | B8: Bold Nocturne Bracelet | C8: Live · Rs 1,599 · in stock · photo 8/10 | D8: 8 | E8: Chunky paperclip bracelet; chain and link pieces are 17 percent of Palmonas' own bestseller list. Photo: Wrist shot gives scale.
A9: LIVE-07 | B9: Bold Nocturne Chain | C9: Live · Rs 1,799 · in stock · photo 8/10 | D9: 8 | E9: Chunky paperclip chain; same bottomless daily-wear pool as the bracelet. Photo: Neck shot, reads well.
A10: LIVE-38 | B10: Trio Oval Drop Earrings | C10: Live · Rs 1,499 · in stock · photo 6/10 | D10: 7 | E10: Baguette oval-link drop in two-tone; deco link, grown-up. Photo: Cropped so tight it does not read as an earring.
A11: LIVE-39 | B11: Brushed Gold Huggies | C11: Live · Rs 1,099 · in stock · photo 7/10 | D11: 8 | E11: Brushed chunky dome huggies; the deepest, most stable daily-wear pool. Photo: Fine; brushed finish reads.
A12: LIVE-43 | B12: Baguette Arc Hoops | C12: Live · Rs 1,899 · in stock · photo 7/10 | D12: 8 | E12: Baguette C-hoops in silver; baguette hoop is a strong everyday format. Photo: Fine.
A13: LIVE-46 | B13: Woven Gold Hoops | C13: Live · Rs 1,499 · in stock · photo 9/10 | D13: 8 | E13: Braided chunky huggies; twisted hoops are bottomless demand. Photo: Wet-burgundy hero, excellent.
A14: LIVE-48 | B14: Molten Bloom Hoops | C14: Live · Rs 1,300 · out of stock · photo 8/10 | D14: 7 | E14: Molten irregular huggies; the molten trend at an entry price. Photo: Surface reads.
A15: LIVE-50 | B15: Toggle Link Chain | C15: Live · Rs 1,499 · in stock · photo 8/10 | D15: 8 | E15: Paperclip chain with a toggle ring; daily-wear chain, worn shot sells it. Photo: Neck shot, good.
A16: LIVE-52 | B16: Serpentine Whisper Chain | C16: Live · Rs 1,849 · out of stock · photo 7/10 | D16: 7 | E16: Gold snake chain with a square solitaire; solid. Photo: Fine.
A17: LIVE-53 | B17: Heartline Paperclip Necklace | C17: Live · Rs 1,899 · in stock · photo 7/10 | D17: 7 | E17: Half paperclip, half pave hearts; hearts are their top motif, paperclip is a top format. Photo: Fine.
... A26: AUD-R77 WE20580C | B26: Rivière Huggies — Silver | C26: Type Audit · Rs 1,999 · Edition One · photo 8/10 | D26: 7 | E26: CZ hoops in silver; daily-wear staple. Photo: Plinth.
A28: TENNIS AND BAGUETTE · the occasion engine
A29: Model | B29: Product | C29: Material | D29: Rt | E29: Why it earns a slot
A30: LIVE-03 | B30: Lumière Oval Necklace | C30: Live · Rs 1,499 · out of stock · photo 7/10 | D30: 8 | E30: Tennis riviere necklace is a gifting and occasion staple with deep repeat demand. Photo: Model shot but the stones blur into a line; add a macro.
A31: LIVE-04 | B31: Lumière Oval Bracelet | C31: Live · Rs 1,099 · out of stock · photo 8/10 | D31: 8 | E31: Oval-cut tennis bracelet; the single most reliable bracelet format in the band. Photo: Angle shows the cut well.
A32: LIVE-13 | B32: Rivière of Light Bracelet | C32: Live · Rs 1,249 · out of stock · photo 7/10 | D32: 8 | E32: Round-CZ tennis bracelet; staple format, entry price. Photo: Reads as a thin line; a macro of the setting would sell it.
A33: LIVE-18 | B33: Baguette Éclat Bracelet | C33: Live · Rs 1,800 · out of stock · photo 8/10 | D33: 8 | E33: Baguette tennis bracelet; deco, grown-up, photographs well and gifts well. Photo: Burgundy roll is a strong prop.
A34: LIVE-29 | B34: Pearl Ribbon Ring | C34: Live · Rs 1,099 · in stock · photo 8/10 | D34: 9 | E34: Bow with a pearl and baguette loops; bow plus pearl is the trend of the year at an entry price. Photo: Sharp; bow reads.
A35: LIVE-45 | B35: Ribbon Bow Earrings | C35: Live · Rs 1,599 · in stock · photo 8/10 | D35: 9 | E35: Baguette bow studs; bow is a top-running trend and this is the clean version of it. Photo: Sharp; bow reads.
A36: LIVE-54 | B36: Rivière Eternal Necklace | C36: Live · Rs 1,799 · out of stock · photo 7/10 | D36: 8 | E36: Gold tennis necklace; occasion staple. Photo: Stones blur; needs a macro.
A37: AUD-R03 YF3165-NEC | B37: Baguette Rivière Choker | C37: Type Audit · Rs 2,749 · New factory · photo 8/10 | D37: 8 | E37: Baguette tennis choker; deco, occasion-ready, photographs beautifully. Photo: Plinth; stones crisp.
A38: AUD-R05 YF3165-NEC-RBY | B38: Baguette Rivière Choker — Ruby | C38: Type Audit · Rs 2,749 · New factory · photo 8/10 | D38: 7 | E38: Ruby colourway; red reads festive and bridal-adjacent, strong India pull. Photo: Model shot, the best of the row.
A39: AUD-R06 YF3165-NEC-VRD | B39: Baguette Rivière Choker — Verdant | C39: Type Audit · Rs 2,749 · New factory · photo 8/10 | D39: 8 | E39: Emerald colourway; green sells out 56 percent at Palmonas, above their average. Photo: Plinth; colour reads.
A40: AUD-R07 YF3165-BRA | B40: Baguette Rivière Bracelet | C40: Type Audit · Rs 1,899 · New factory · photo 8/10 | D40: 8 | E40: Baguette tennis bracelet; the bracelet staple in its grown-up cut. Photo: Plinth.
A41: AUD-R09 YF3165-BRA-RBY | B41: Baguette Rivière Bracelet — Ruby | C41: Type Audit · Rs 1,899 · New factory · photo 8/10 | D41: 7 | E41: Ruby bracelet; festive pull. Photo: Plinth.
... A51: AUD-R83 WR20900B | B51: Nacre Triple Wrap | C51: Type Audit · Rs 1,999 · Edition One · photo 8/10 | D51: 7 | E51: Triple band with mother-of-pearl and baguettes; MOP reads expensive and is a live neutral. Photo: Plinth.
A53: PEARL · baroque, station, huggie
A54: Model | B54: Product | C54: Material | D54: Rt | E54: Why it earns a slot
A55: LIVE-01 | B55: Pearl Legacy Necklace | C55: Live · Rs 1,799 · in stock · photo 8/10 | D55: 8 | E55: Baroque pearl choker with a toggle is a live trend and pearl is a top-three motif in the band. Photo: Model shot carries it; scale and drape both read.
A56: LIVE-02 | B56: Baroque Shell Bracelet | C56: Live · Rs 1,799 · in stock · photo 8/10 | D56: 7 | E56: Baroque pearl toggle bracelet; pearl pulls broadly, the toggle adds the 'considered' look. Photo: Clean plinth shot, texture of the pearls reads.
A57: LIVE-08 | B57: Petite Pearl Chain | C57: Live · Rs 1,299 · out of stock · photo 7/10 | D57: 8 | E57: Pearl station necklace; Palmonas launched one this week, the motif is live now. Photo: Dainty piece on a big cube; pearls small in frame.
A58: LIVE-17 | B58: Pearl Reverie Bracelet | C58: Live · Rs 899 · out of stock · photo 7/10 | D58: 7 | E58: Paperclip chain with pearls and an open circle; two live motifs at an entry price. Photo: Clean.
A59: LIVE-24 | B59: Verdant Circlet Studs | C59: Live · Rs 1,499 · in stock · photo 8/10 | D59: 8 | E59: Emerald cushion with pearl and CZ cluster; emerald plus pearl is a festive and wedding-guest winner. Photo: Colour and cluster both read.
A60: LIVE-36 | B60: Baroque Bloom Cuff | C60: Live · Rs 1,499 · out of stock · photo 8/10 | D60: 7 | E60: Open cuff with a baroque pearl and a CZ; pearl cuff reads expensive. Photo: Green velvet, strong.
A61: LIVE-37 | B61: Pearl Point Studs | C61: Live · Rs 1,499 · in stock · photo 7/10 | D61: 8 | E61: Pearl in a rope-twist huggie; pearl huggie is daily-wear core. Photo: Small; the twist detail is lost.
A62: LIVE-40 | B62: Pearl Drop Studs | C62: Live · Rs 1,199 · in stock · photo 8/10 | D62: 7 | E62: Pearl and gold-ball drop; classic, safe gift. Photo: Ear shot, good.
A63: LIVE-42 | B63: Filigree Bloom Studs | C63: Live · Rs 1,499 · in stock · photo 8/10 | D63: 7 | E63: Wire flower with a pearl centre; floral plus pearl, distinctive without being loud. Photo: Sharp.
A64: LIVE-49 | B64: Baroque Pearl Lariat | C64: Live · Rs 1,599 · in stock · photo 7/10 | D64: 7 | E64: Open-circle lariat with a baroque pearl drop; layering piece with a pearl. Photo: Fine.
A65: AUD-R72 WE25240B | B65: Soleil Pearl Hoops | C65: Type Audit · Rs 2,299 · Edition One · photo 8/10 | D65: 7 | E65: Sunburst hoops with a pearl; distinctive, occasion-leaning. Photo: Plinth.
A66: AUD-R75 WE20796C | B66: Pearl Circlet Studs | C66: Type Audit · Rs 1,899 · Edition One · photo 8/10 | D66: 7 | E66: Pearl in a cushion pave halo, silver; classic gift stud. Photo: Plinth.
... A68: AUD-R84 H989B | B68: Pearl Crossover Ring | C68: Type Audit · Rs 1,449 · Edition One · photo 8/10 | D68: 7 | E68: Bypass ring with a pearl; simple, giftable. Photo: Plinth.
A70: TREND MOTIFS · clover, bow
A71: Model | B71: Product | C71: Material | D71: Rt | E71: Why it earns a slot
A72: LIVE-10 | B72: Clover Charm Necklace | C72: Live · Rs 1,299 · out of stock · photo 7/10 | D72: 9 | E72: Four-leaf clover pendant is the single hottest demi-fine motif right now; entry price helps. Photo: Clover small at this crop; deserves a hero.
A73: LIVE-15 | B73: Pearl Blossom Earrings | C73: Live · Rs 1,499 · in stock · photo 7/10 | D73: 8 | E73: Bow over a pearl in a pave circle; bow plus pearl is a top-running combination. Photo: Silver on cream is soft; fine.
A74: LIVE-47 | B74: Clover Trio Edit | C74: Live · Rs 1,999 · in stock · photo 6/10 | D74: 8 | E74: Three-pair clover edit at Rs 1,999; the hottest motif, bundled. Photo: Three pairs fight for the frame; shoot the clover studs alone as the hero.
A75: AUD-R65 FE03783B | B75: Quatrefoil Éclat Studs | C75: Type Audit · Rs 2,449 · Edition One · photo 8/10 | D75: 8 | E75: Pave quatrefoil studs; clover is the hottest motif, price is the only drag. Photo: Plinth.
A76: AUD-R76 E17967C | B76: Petite Bow Studs | C76: Type Audit · Rs 1,399 · Edition One · photo 8/10 | D76: 8 | E76: Pave bow studs in silver; bow is a top-running trend at an entry price. Photo: Plinth.
A78: EMERALD AND GREEN · festive pull
A79: Model | B79: Product | C79: Material | D79: Rt | E79: Why it earns a slot
A80: LIVE-11 | B80: Verdant Drop Earrings | C80: Live · Rs 1,459 · in stock · photo 6/10 | D80: 7 | E80: Green cushion drops; emerald tone has strong festive India pull, silver setting narrows it slightly. Photo: Piece is a speck on the cube.
A81: LIVE-21 | B81: Whisper Pavé Band | C81: Live · Rs 899 · in stock · photo 8/10 | D81: 8 | E81: Cushion halo solitaire with a pave shank; halo solitaire is evergreen gifting. Photo: Sharp; halo reads.
A82: LIVE-25 | B82: Verdant Eternity Band | C82: Live · Rs 1,899 · in stock · photo 7/10 | D82: 8 | E82: Emerald half-eternity; green stones sell out 56 percent at Palmonas, above their range average. Photo: Hand shot; stones a little lost.
A83: LIVE-31 | B83: Cushion Halo Ring | C83: Live · Rs 1,199 · out of stock · photo 6/10 | D83: 8 | E83: Cushion halo solitaire in silver; evergreen, entry price. Photo: Tiny in frame on a tall cube.
A84: CAP-sage-vine-band | B84: Sage Vine Band | C84: Pre-order capsule · Rs 3,200 internal · 18k plated · photo 9/10 | D84: 7 | E84: Leaf and vine pieces have the highest sell-through of any motif at Palmonas at 60 percent, on only 44 SKUs; demand exceeds supply and this is the capsule's entry ring. Photo: Delicate; reads well.
A85: CAP-bloom-studs | B85: Bloom Studs | C85: Pre-order capsule · Rs 2,900 internal · 18k plated · photo 9/10 | D85: 7 | E85: Daisy studs with a sage cabochon; a daisy necklace sits in Palmonas' bestseller list, and at Rs 2,900 this is the capsule's most accessible piece. Photo: Clean.
A86: AUD-R47 YF2896-VRD | B86: Princess Solitaire Studs — Verdant | C86: Type Audit · Rs 1,499 · New factory · photo 6/10 | D86: 7 | E86: Green princess studs; emerald tone carries festive pull. Photo: Small in frame.
A87: AUD-R62 YF7034-GLD | B87: Verdant Dewdrop Earrings | C87: Type Audit · Rs 1,999 · New factory · photo 5/10 | D87: 7 | E87: Light-green pear drops; green drops carry festive pull. Photo: Raw white-ground shot, not on the plinth.
A88: AUD-R67 E19712C | B88: Verdant Cushion Studs | C88: Type Audit · Rs 2,199 · Edition One · photo 8/10 | D88: 8 | E88: Emerald cushion halo studs; festive and wedding-guest gifting. Photo: Plinth.
A90: SOLITAIRE AND HALO · the default gift
A91: Model | B91: Product | C91: Material | D91: Rt | E91: Why it earns a slot
A92: LIVE-19 | B92: First Light Set | C92: Live · Rs 1,199 · in stock · photo 7/10 | D92: 7 | E92: Solitaire pendant plus studs gift set at Rs 1,199; sets convert on gifting even if velocity is lower. Photo: Set reads, pieces are small.
A93: LIVE-23 | B93: Vintage Halo Ring | C93: Live · Rs 999 · in stock · photo 7/10 | D93: 7 | E93: Round halo with milgrain in silver; solid solitaire pull, the vintage detail is a plus. Photo: Small in frame.
A94: LIVE-41 | B94: Solitaire Whisper Studs | C94: Live · Rs 1,099 · in stock · photo 8/10 | D94: 8 | E94: Cushion halo studs in silver; the default gift stud. Photo: Sharp.
A95: AUD-R45 YF2896-CLR | B95: Princess Solitaire Studs | C95: Type Audit · Rs 1,499 · New factory · photo 6/10 | D95: 8 | E95: Princess-cut solitaire studs; the default gift stud in a sharper cut. Photo: Small in frame on a tall cube.
A97: PRE-ORDER CAPSULE · botanical, priced above the band
A98: Model | B98: Product | C98: Material | D98: Rt | E98: Why it earns a slot
A99: CAP-zircone-solitaire | B99: The Zircone Solitaire | C99: Pre-order capsule · Rs 4,500 internal · 18k plated · photo 9/10 | D99: 5 | E99: A round solitaire is a nine motif, but Rs 4,500 plated sits above every demi-fine p95 and Rs 800 under Palmonas' cheapest 9kt gold lab-diamond piece; the shopper compares it to real gold. Photo: Beautiful render; reads as fine jewellery, but no skin or scale reference anywhere.
A100: CAP-zircone-halo-studs | B100: Zircone Halo Studs | C100: Pre-order capsule · Rs 3,600 internal · 18k plated · photo 9/10 | D100: 6 | E100: Halo studs are the default gift stud; Rs 3,600 is above their earring p75 of Rs 2,785 but still clearly under gold. Photo: Crisp; halo reads.
A101: CAP-marigold-signet-ring | B101: Marigold Signet Ring | C101: Pre-order capsule · Rs 3,900 internal · 18k plated · photo 9/10 | D101: 6 | E101: A textured marigold with a blush stone is the most brand-defining piece in the capsule; floral sells out 49 percent at Palmonas, but Rs 3,900 is nearly double their floral median. Photo: Texture is superb; a hand shot would fix the scale question.
A102: CAP-pressed-petal-drops | B102: Pressed Petal Drops | C102: Pre-order capsule · Rs 4,800 internal · 18k plated · photo 9/10 | D102: 6 | E102: Real pressed flowers in resin is a format Palmonas does not carry at all; distinctive and giftable, but Rs 4,800 and resin-durability questions narrow the buyer. Photo: Petal detail is the story; the render tells it.
A103: CAP-chandbali-florale | B103: Chandbali Florale | C103: Pre-order capsule · Rs 5,600 internal · 18k plated · photo 9/10 | D103: 7 | E103: Palmonas has one chandbali in demi-fine and it is sold out; their ethnic pieces sell out 60 percent at a Rs 3,709 median. An underserved pocket, and this owns it, if Rs 5,600 holds. Photo: Filigree reads; would sing on a model.
